contract_id,account_id,start_date,end_date,annual_commit_dollars,included_monthly_compute_credits
CTR00001,ACC0001,2024-07-28,2025-07-27,300000,24505
CTR00002,ACC0002,2024-05-29,2025-05-28,157035,10639
CTR00003,ACC0003,2024-05-27,2025-05-26,5000,451
CTR00004,ACC0004,2024-08-20,2025-08-19,15000,1035
CTR00005,ACC0005,2024-04-29,2025-04-28,200000,19492
CTR00006,ACC0006,2024-04-11,2025-04-10,150000,12125
CTR00007,ACC0007,2024-10-05,2025-10-04,25000,1854
CTR00008,ACC0008,2024-03-17,2025-03-16,75000,7271
CTR00009,ACC0009,2024-03-13,2025-03-12,15000,1035
CTR00010,ACC0010,2024-03-25,2025-03-24,10000,930
CTR00011,ACC0011,2024-10-18,2025-10-17,200000,19474
CTR00012,ACC0012,2024-08-12,2025-08-11,15000,1062
CTR00013,ACC0013,2024-06-04,2025-06-03,10000,899
CTR00014,ACC0014,2024-05-19,2025-05-18,5000,416
CTR00015,ACC0015,2024-09-09,2025-09-08,5000,406
CTR00016,ACC0016,2024-01-21,2025-01-19,100000,9631
CTR00017,ACC0017,2024-05-08,2025-05-07,22345,1508
CTR00018,ACC0018,2024-04-27,2025-04-26,15000,1480
CTR00019,ACC0019,2024-10-21,2025-10-20,233595,20144
CTR00020,ACC0020,2024-01-11,2025-01-09,100000,9998
CTR00021,ACC0021,2024-05-17,2025-05-16,75000,6440
CTR00022,ACC0022,2024-03-30,2025-03-29,5000,411
CTR00023,ACC0023,2024-08-14,2025-08-13,35000,3402
CTR00024,ACC0024,2024-04-02,2025-04-01,75000,7492
CTR00025,ACC0025,2024-09-08,2025-09-07,48397,4789
CTR00026,ACC0026,2024-08-28,2025-08-27,25000,1956
CTR00027,ACC0027,2024-06-19,2025-06-18,15000,1160
CTR00028,ACC0028,2024-02-23,2025-02-21,35000,3334
CTR00029,ACC0029,2024-09-10,2025-09-09,18298,1395
CTR00030,ACC0030,2024-07-24,2025-07-23,50000,4689
CTR00031,ACC0031,2024-10-08,2025-10-07,5000,339
CTR00032,ACC0032,2024-02-15,2025-02-13,5000,385
CTR00033,ACC0033,2024-06-14,2025-06-13,150000,10579
CTR00034,ACC0034,2024-07-25,2025-07-24,300000,28649
CTR00035,ACC0035,2024-01-01,2024-12-30,58123,5149
CTR00036,ACC0036,2024-10-04,2025-10-03,5000,410
CTR00037,ACC0037,2024-01-28,2025-01-26,10000,729
CTR00038,ACC0038,2024-07-04,2025-07-03,300000,26226
CTR00039,ACC0039,2024-08-14,2025-08-13,199849,18386
CTR00040,ACC0040,2024-04-14,2025-04-13,25000,1889
CTR00041,ACC0041,2024-03-08,2025-03-07,200000,19517
CTR00042,ACC0042,2024-08-12,2025-08-11,100000,9602
CTR00043,ACC0043,2024-09-05,2025-09-04,100000,7071
CTR00044,ACC0044,2024-05-02,2025-05-01,15000,1354
CTR00045,ACC0045,2024-06-08,2025-06-07,10000,850
CTR00046,ACC0046,2024-10-09,2025-10-08,200000,16053
CTR00047,ACC0047,2024-04-25,2025-04-24,15000,1496
CTR00048,ACC0048,2024-02-28,2025-02-26,200000,16409
CTR00049,ACC0049,2024-03-01,2025-02-28,75000,6619
CTR00050,ACC0050,2024-03-19,2025-03-18,50000,4163
CTR00051,ACC0051,2024-05-29,2025-05-28,100000,8362
CTR00052,ACC0052,2024-05-19,2025-05-18,5000,402
CTR00053,ACC0053,2024-09-04,2025-09-03,5000,496
CTR00054,ACC0054,2024-05-04,2025-05-03,25000,2047
CTR00055,ACC0055,2024-03-15,2025-03-14,25000,1986
CTR00056,ACC0056,2024-09-17,2025-09-16,200000,18308
CTR00057,ACC0057,2024-03-10,2025-03-09,75000,7160
CTR00058,ACC0058,2024-05-21,2025-05-20,5000,462
CTR00059,ACC0059,2024-07-31,2025-07-30,150000,11699
CTR00060,ACC0060,2024-09-16,2025-09-15,100000,7557
CTR00061,ACC0061,2024-01-02,2024-12-31,15000,1141
CTR00062,ACC0062,2024-06-01,2025-05-31,50000,4729
CTR00063,ACC0063,2024-10-23,2025-10-22,50000,4998
CTR00064,ACC0064,2024-09-07,2025-09-06,35000,3342
CTR00065,ACC0065,2024-08-16,2025-08-15,25000,2115
CTR00066,ACC0066,2024-06-25,2025-06-24,10000,777
CTR00067,ACC0067,2024-07-12,2025-07-11,33943,2778
CTR00068,ACC0068,2024-06-13,2025-06-12,15000,1434
CTR00069,ACC0069,2024-05-02,2025-05-01,25000,2143
CTR00070,ACC0070,2024-04-29,2025-04-28,50000,4760
CTR00071,ACC0071,2024-07-29,2025-07-28,15000,1021
CTR00072,ACC0072,2024-08-30,2025-08-29,5000,450
CTR00073,ACC0073,2024-07-14,2025-07-13,15000,1193
CTR00074,ACC0074,2024-03-18,2025-03-17,35000,2911
CTR00075,ACC0075,2024-01-19,2025-01-17,25000,1771
CTR00076,ACC0076,2024-06-18,2025-06-17,75000,7174
CTR00077,ACC0077,2024-08-13,2025-08-12,118709,8308
CTR00078,ACC0078,2024-08-21,2025-08-20,25000,1679
CTR00079,ACC0079,2024-03-14,2025-03-13,5000,401
CTR00080,ACC0080,2024-03-20,2025-03-19,10000,691
CTR00081,ACC0081,2024-05-15,2025-05-14,10000,779
CTR00082,ACC0082,2024-07-22,2025-07-21,5000,441
CTR00083,ACC0083,2024-06-17,2025-06-16,300000,28523
CTR00084,ACC0084,2024-09-30,2025-09-29,15000,1190
CTR00085,ACC0085,2024-06-11,2025-06-10,35000,3064
CTR00086,ACC0086,2024-09-06,2025-09-05,100000,9574
CTR00087,ACC0087,2024-01-19,2025-01-17,75000,6543
CTR00088,ACC0088,2024-04-30,2025-04-29,15000,1315
CTR00089,ACC0089,2024-05-27,2025-05-26,5000,499
CTR00090,ACC0090,2024-02-16,2025-02-14,15000,1216
CTR00091,ACC0091,2024-02-20,2025-02-18,35000,3220
CTR00092,ACC0092,2024-02-21,2025-02-19,150000,12218
CTR00093,ACC0093,2024-06-02,2025-06-01,150000,14517
CTR00094,ACC0094,2024-01-24,2025-01-22,10000,774
CTR00095,ACC0095,2024-01-29,2025-01-27,5000,382
CTR00096,ACC0096,2024-07-10,2025-07-09,5000,405
CTR00097,ACC0097,2024-05-05,2025-05-04,150000,12655
CTR00098,ACC0098,2024-10-16,2025-10-15,5000,446
CTR00099,ACC0099,2024-04-02,2025-04-01,10000,723
CTR00100,ACC0100,2024-02-10,2025-02-08,15000,1304
CTR00101,ACC0101,2024-07-14,2025-07-13,100000,8732
CTR00102,ACC0102,2024-05-03,2025-05-02,10000,832
CTR00103,ACC0103,2024-10-25,2025-10-24,10000,714
CTR00104,ACC0104,2024-08-24,2025-08-23,300000,26379
CTR00105,ACC0105,2024-08-23,2025-08-22,25000,1879
CTR00106,ACC0106,2024-01-05,2025-01-03,100000,9663
CTR00107,ACC0107,2024-08-26,2025-08-25,50000,4835
CTR00108,ACC0108,2024-10-06,2025-10-05,50000,3596
CTR00109,ACC0109,2024-08-14,2025-08-13,25000,2454
CTR00110,ACC0110,2024-10-27,2025-10-26,10000,766
CTR00111,ACC0111,2024-08-05,2025-08-04,200000,17935
CTR00112,ACC0112,2024-08-21,2025-08-20,10000,948
CTR00113,ACC0113,2024-04-11,2025-04-10,15000,1499
CTR00114,ACC0114,2024-09-04,2025-09-03,150000,10533
CTR00115,ACC0115,2024-07-14,2025-07-13,75000,6429
CTR00116,ACC0116,2024-10-21,2025-10-20,50000,3826
CTR00117,ACC0117,2024-05-31,2025-05-30,25000,1684
CTR00118,ACC0118,2024-07-21,2025-07-20,150000,11372
CTR00119,ACC0119,2024-10-16,2025-10-15,10000,955
CTR00120,ACC0120,2024-01-26,2025-01-24,50000,4851
CTR00121,ACC0121,2024-09-11,2025-09-10,100000,9442
CTR00122,ACC0122,2024-05-26,2025-05-25,25000,2313
CTR00123,ACC0123,2024-04-27,2025-04-26,100000,8690
CTR00124,ACC0124,2024-06-29,2025-06-28,15000,1109
CTR00125,ACC0125,2024-04-07,2025-04-06,150000,13104
CTR00126,ACC0126,2024-03-11,2025-03-10,5000,438
CTR00127,ACC0127,2024-01-21,2025-01-19,25000,1924
CTR00128,ACC0128,2024-08-13,2025-08-12,50000,3388
CTR00129,ACC0129,2024-07-05,2025-07-04,50000,4553
CTR00130,ACC0130,2024-02-16,2025-02-14,100000,9698
CTR00131,ACC0131,2024-06-16,2025-06-15,10000,915
CTR00132,ACC0132,2024-03-30,2025-03-29,10000,733
CTR00133,ACC0133,2024-10-03,2025-10-02,100000,9588
CTR00134,ACC0134,2024-07-06,2025-07-05,25000,2109
CTR00135,ACC0135,2024-05-19,2025-05-18,150000,14152
CTR00136,ACC0136,2024-05-11,2025-05-10,150000,14570
CTR00137,ACC0137,2024-09-03,2025-09-02,5000,494
CTR00138,ACC0138,2024-05-31,2025-05-30,10000,915
CTR00139,ACC0139,2024-06-22,2025-06-21,5000,467
CTR00140,ACC0140,2024-08-27,2025-08-26,15000,1481
CTR00141,ACC0141,2024-03-13,2025-03-12,35000,3213
CTR00142,ACC0142,2024-04-25,2025-04-24,15000,1430
CTR00143,ACC0143,2024-07-22,2025-07-21,10000,989
CTR00144,ACC0144,2024-10-12,2025-10-11,15000,1182
CTR00145,ACC0145,2024-07-21,2025-07-20,25000,1678
CTR00146,ACC0146,2024-10-01,2025-09-30,150000,10617
CTR00147,ACC0147,2024-07-07,2025-07-06,200000,17818
CTR00148,ACC0148,2024-05-14,2025-05-13,100000,8615
CTR00149,ACC0149,2024-07-09,2025-07-08,75000,5270
CTR00150,ACC0150,2024-01-13,2025-01-11,60683,5298
CTR00151,ACC0151,2024-10-14,2025-10-13,25000,1940
CTR00152,ACC0152,2024-04-23,2025-04-22,10000,882
CTR00153,ACC0153,2024-08-25,2025-08-24,25000,2424
CTR00154,ACC0154,2024-06-03,2025-06-02,200000,17661
CTR00155,ACC0155,2024-02-29,2025-02-27,15000,1069
CTR00156,ACC0156,2024-01-20,2025-01-18,25000,1920
CTR00157,ACC0157,2024-09-09,2025-09-08,10000,705
CTR00158,ACC0158,2024-04-30,2025-04-29,150000,14436
CTR00159,ACC0159,2024-03-10,2025-03-09,150000,11943
CTR00160,ACC0160,2024-07-08,2025-07-07,200000,17803
CTR00161,ACC0161,2024-10-03,2025-10-02,25000,2015
CTR00162,ACC0162,2024-03-20,2025-03-19,200000,19236
CTR00163,ACC0163,2024-02-20,2025-02-18,5000,472
CTR00164,ACC0164,2024-07-27,2025-07-26,150000,14695
CTR00165,ACC0165,2024-05-23,2025-05-22,25000,1693
CTR00166,ACC0166,2024-07-08,2025-07-07,150000,11086
CTR00167,ACC0167,2024-08-15,2025-08-14,25000,2458
CTR00168,ACC0168,2024-07-04,2025-07-03,25000,1749
CTR00169,ACC0169,2024-07-07,2025-07-06,100000,8481
CTR00170,ACC0170,2024-07-02,2025-07-01,150000,10302
CTR00171,ACC0171,2024-05-21,2025-05-20,75000,5474
CTR00172,ACC0172,2024-03-03,2025-03-02,100000,9830
CTR00173,ACC0173,2024-08-20,2025-08-19,15000,1045
CTR00174,ACC0174,2024-04-18,2025-04-17,25000,2201
CTR00175,ACC0175,2024-01-11,2025-01-09,10000,683
CTR00176,ACC0176,2024-06-19,2025-06-18,5000,373
CTR00177,ACC0177,2024-03-05,2025-03-04,25000,2322
CTR00178,ACC0178,2024-10-10,2025-10-09,85260,6272
CTR00179,ACC0179,2024-04-20,2025-04-19,10000,937
CTR00180,ACC0180,2024-04-29,2025-04-28,5000,388
CTR00181,ACC0181,2024-03-16,2025-03-15,10000,929
CTR00182,ACC0182,2024-01-02,2024-12-31,10000,759
CTR00183,ACC0183,2024-03-15,2025-03-14,10000,995
CTR00184,ACC0184,2024-10-03,2025-10-02,15000,1125
CTR00185,ACC0185,2024-03-30,2025-03-29,35000,2461
CTR00186,ACC0186,2024-01-14,2025-01-12,15000,1065
CTR00187,ACC0187,2024-07-02,2025-07-01,25000,2324
CTR00188,ACC0188,2024-05-01,2025-04-30,5000,431
CTR00189,ACC0189,2024-05-15,2025-05-14,113683,7777
CTR00190,ACC0190,2024-09-26,2025-09-25,336257,23690
CTR00191,ACC0191,2024-02-02,2025-01-31,5000,412
CTR00192,ACC0192,2024-07-04,2025-07-03,15000,1256
CTR00193,ACC0193,2024-02-25,2025-02-23,15000,1226
CTR00194,ACC0194,2024-04-23,2025-04-22,150000,14727
CTR00195,ACC0195,2024-01-23,2025-01-21,50000,4545
CTR00196,ACC0196,2024-09-23,2025-09-22,10000,767
CTR00197,ACC0197,2024-01-16,2025-01-14,15000,1030
CTR00198,ACC0198,2024-09-02,2025-09-01,75000,7118
CTR00199,ACC0199,2024-02-25,2025-02-23,48156,3997
CTR00200,ACC0200,2024-08-15,2025-08-14,25000,1727
CTR00201,ACC0201,2024-03-16,2025-03-15,79039,5442
CTR00202,ACC0202,2024-05-20,2025-05-19,10000,874
CTR00203,ACC0203,2024-06-15,2025-06-14,52134,4137
CTR00204,ACC0204,2024-09-28,2025-09-27,15000,1147
CTR00205,ACC0205,2024-09-15,2025-09-14,10000,868
CTR00206,ACC0206,2024-02-20,2025-02-18,5000,465
CTR00207,ACC0207,2024-02-28,2025-02-26,150000,14263
CTR00208,ACC0208,2024-10-09,2025-10-08,10000,906
CTR00209,ACC0209,2024-04-20,2025-04-19,10000,810
CTR00210,ACC0210,2024-04-26,2025-04-25,50000,4023
CTR00211,ACC0211,2024-07-23,2025-07-22,465483,37486
CTR00212,ACC0212,2024-02-18,2025-02-16,200000,15416
CTR00213,ACC0213,2024-06-09,2025-06-08,25000,2220
CTR00214,ACC0214,2024-07-10,2025-07-09,10000,984
CTR00215,ACC0215,2024-08-30,2025-08-29,75000,5167
CTR00216,ACC0216,2024-02-13,2025-02-11,150000,10466
CTR00217,ACC0217,2024-02-19,2025-02-17,100000,9148
CTR00218,ACC0218,2024-07-09,2025-07-08,10000,937
CTR00219,ACC0219,2024-10-11,2025-10-10,25000,1716
CTR00220,ACC0220,2024-10-14,2025-10-13,500000,42694
CTR00221,ACC0221,2024-03-03,2025-03-02,25000,2009
CTR00222,ACC0222,2024-08-04,2025-08-03,59340,5673
CTR00223,ACC0223,2024-01-27,2025-01-25,50000,4947
CTR00224,ACC0224,2024-06-08,2025-06-07,10000,783
CTR00225,ACC0225,2024-10-22,2025-10-21,15000,1253
CTR00226,ACC0226,2024-03-20,2025-03-19,50000,4427
CTR00227,ACC0227,2024-04-24,2025-04-23,10000,949
CTR00228,ACC0228,2024-06-28,2025-06-27,150000,14226
CTR00229,ACC0229,2024-07-07,2025-07-06,15000,1057
CTR00230,ACC0230,2024-04-25,2025-04-24,26678,2496
CTR00231,ACC0231,2024-10-14,2025-10-13,150000,14872
CTR00232,ACC0232,2024-10-12,2025-10-11,300000,20262
CTR00233,ACC0233,2024-05-16,2025-05-15,200000,13526
CTR00234,ACC0234,2024-05-19,2025-05-18,50000,4504
CTR00235,ACC0235,2024-06-07,2025-06-06,35000,3408
CTR00236,ACC0236,2024-06-28,2025-06-27,10000,668
CTR00237,ACC0237,2024-03-14,2025-03-13,10000,855
CTR00238,ACC0238,2024-07-24,2025-07-23,100000,6898
CTR00239,ACC0239,2024-01-16,2025-01-14,100000,6972
CTR00240,ACC0240,2024-09-28,2025-09-27,15000,1107
CTR00241,ACC0241,2024-08-02,2025-08-01,35000,2862
CTR00242,ACC0242,2024-06-08,2025-06-07,41435,3758
CTR00243,ACC0243,2024-10-17,2025-10-16,15000,1298
CTR00244,ACC0244,2024-01-27,2025-01-25,5000,359
CTR00245,ACC0245,2024-01-26,2025-01-24,35000,3119
CTR00246,ACC0246,2024-05-19,2025-05-18,35000,2850
CTR00247,ACC0247,2024-08-05,2025-08-04,25000,2071
CTR00248,ACC0248,2024-05-19,2025-05-18,9710,717
CTR00249,ACC0249,2024-09-19,2025-09-18,50000,3523
CTR00250,ACC0250,2024-08-08,2025-08-07,10000,703
CTR00251,ACC0251,2024-09-06,2025-09-05,5000,421
CTR00252,ACC0252,2024-06-06,2025-06-05,10000,681
CTR00253,ACC0253,2024-07-21,2025-07-20,35000,3481
CTR00254,ACC0254,2024-01-29,2025-01-27,15000,1003
CTR00255,ACC0255,2024-06-03,2025-06-02,5000,490
CTR00256,ACC0256,2024-03-11,2025-03-10,10000,921
CTR00257,ACC0257,2024-05-28,2025-05-27,5000,388
CTR00258,ACC0258,2024-01-04,2025-01-02,5000,416
CTR00259,ACC0259,2024-08-08,2025-08-07,10000,725
CTR00260,ACC0260,2024-07-13,2025-07-12,10000,844
CTR00261,ACC0261,2024-04-27,2025-04-26,25000,2083
CTR00262,ACC0262,2024-06-30,2025-06-29,50000,3453
CTR00263,ACC0263,2024-01-22,2025-01-20,10000,812
CTR00264,ACC0264,2024-08-23,2025-08-22,100000,9737
CTR00265,ACC0265,2024-06-09,2025-06-08,25000,2146
CTR00266,ACC0266,2024-10-20,2025-10-19,10000,801
CTR00267,ACC0267,2024-08-01,2025-07-31,10000,763
CTR00268,ACC0268,2024-07-26,2025-07-25,35000,2357
CTR00269,ACC0269,2024-06-15,2025-06-14,50000,3619
CTR00270,ACC0270,2024-08-23,2025-08-22,150000,14160
CTR00271,ACC0271,2024-07-04,2025-07-03,15000,1044
CTR00272,ACC0272,2024-02-24,2025-02-22,100000,7477
CTR00273,ACC0273,2024-07-24,2025-07-23,100000,8413
CTR00274,ACC0274,2024-07-21,2025-07-20,25000,2392
CTR00275,ACC0275,2024-06-22,2025-06-21,50000,3702
CTR00276,ACC0276,2024-03-27,2025-03-26,10000,692
CTR00277,ACC0277,2024-02-28,2025-02-26,25000,2108
CTR00278,ACC0278,2024-04-09,2025-04-08,15000,1452
CTR00279,ACC0279,2024-06-27,2025-06-26,5000,391
CTR00280,ACC0280,2024-03-16,2025-03-15,200000,14908
CTR00281,ACC0281,2024-03-15,2025-03-14,10000,751
CTR00282,ACC0282,2024-03-29,2025-03-28,25000,2168
CTR00283,ACC0283,2024-02-08,2025-02-06,452043,32805
CTR00284,ACC0284,2024-09-09,2025-09-08,15000,1231
CTR00285,ACC0285,2024-10-15,2025-10-14,15000,1379
CTR00286,ACC0286,2024-08-17,2025-08-16,500000,44685
CTR00287,ACC0287,2024-10-16,2025-10-15,75000,6607
CTR00288,ACC0288,2024-06-14,2025-06-13,62163,5935
CTR00289,ACC0289,2024-06-10,2025-06-09,75000,5377
CTR00290,ACC0290,2024-02-04,2025-02-02,100000,8229
CTR00291,ACC0291,2024-05-20,2025-05-19,21313,1841
CTR00292,ACC0292,2024-06-29,2025-06-28,35000,2925
CTR00293,ACC0293,2024-06-07,2025-06-06,50000,4102
CTR00294,ACC0294,2024-07-07,2025-07-06,115320,10885
CTR00295,ACC0295,2024-02-09,2025-02-07,50000,4407
CTR00296,ACC0296,2024-02-16,2025-02-14,25000,2179
CTR00297,ACC0297,2024-09-16,2025-09-15,100000,7948
CTR00298,ACC0298,2024-10-24,2025-10-23,50000,4257
CTR00299,ACC0299,2024-01-22,2025-01-20,343772,28071
CTR00300,ACC0300,2024-04-06,2025-04-05,346472,26811
CTR00301,ACC0301,2024-08-31,2025-08-30,500000,41689
CTR00302,ACC0302,2024-02-01,2025-01-30,75000,6126
CTR00303,ACC0303,2024-06-24,2025-06-23,100000,9941
CTR00304,ACC0304,2024-02-13,2025-02-11,15000,1252
CTR00305,ACC0305,2024-03-29,2025-03-28,25000,1699
CTR00306,ACC0306,2024-08-12,2025-08-11,15000,1495
CTR00307,ACC0307,2024-09-25,2025-09-24,150000,12613
CTR00308,ACC0308,2024-03-22,2025-03-21,10000,787
CTR00309,ACC0309,2024-05-24,2025-05-23,25000,1989
CTR00310,ACC0310,2024-06-22,2025-06-21,15000,1339
CTR00311,ACC0311,2024-01-27,2025-01-25,5000,464
CTR00312,ACC0312,2024-02-03,2025-02-01,53682,4168
CTR00313,ACC0313,2024-10-12,2025-10-11,75000,6695
CTR00314,ACC0314,2024-05-25,2025-05-24,5000,375
CTR00315,ACC0315,2024-03-17,2025-03-16,35000,2722
CTR00316,ACC0316,2024-10-25,2025-10-24,15000,1331
CTR00317,ACC0317,2024-06-07,2025-06-06,362511,35860
CTR00318,ACC0318,2024-07-19,2025-07-18,10000,709
CTR00319,ACC0319,2024-02-13,2025-02-11,25000,1924
CTR00320,ACC0320,2024-07-11,2025-07-10,5000,440
CTR00321,ACC0321,2024-06-17,2025-06-16,10000,937
CTR00322,ACC0322,2024-09-26,2025-09-25,500000,34890
CTR00323,ACC0323,2024-08-04,2025-08-03,25000,2090
CTR00324,ACC0324,2024-01-10,2025-01-08,15000,1181
CTR00325,ACC0325,2024-04-02,2025-04-01,10000,983
CTR00326,ACC0326,2024-09-05,2025-09-04,64460,4709
CTR00327,ACC0327,2024-03-11,2025-03-10,150000,10774
CTR00328,ACC0328,2024-05-31,2025-05-30,25000,2370
CTR00329,ACC0329,2024-02-21,2025-02-19,25000,2089
CTR00330,ACC0330,2024-10-03,2025-10-02,5000,472
CTR00331,ACC0331,2024-01-20,2025-01-18,178776,15862
CTR00332,ACC0332,2024-03-08,2025-03-07,25000,2164
CTR00333,ACC0333,2024-03-19,2025-03-18,75000,5405
CTR00334,ACC0334,2024-03-25,2025-03-24,10000,907
CTR00335,ACC0335,2024-07-05,2025-07-04,463107,41314
CTR00336,ACC0336,2024-05-01,2025-04-30,15000,1484
CTR00337,ACC0337,2024-05-25,2025-05-24,200000,18349
CTR00338,ACC0338,2024-08-17,2025-08-16,150000,11170
CTR00339,ACC0339,2024-05-02,2025-05-01,15000,1154
CTR00340,ACC0340,2024-08-28,2025-08-27,5000,483
CTR00341,ACC0341,2024-04-09,2025-04-08,10000,789
CTR00342,ACC0342,2024-10-19,2025-10-18,10000,994
CTR00343,ACC0343,2024-08-24,2025-08-23,10000,923
CTR00344,ACC0344,2024-07-14,2025-07-13,25000,2085
CTR00345,ACC0345,2024-08-02,2025-08-01,100000,9887
CTR00346,ACC0346,2024-04-12,2025-04-11,100000,9337
CTR00347,ACC0347,2024-03-11,2025-03-10,10000,957
CTR00348,ACC0348,2024-01-27,2025-01-25,50000,4401
CTR00349,ACC0349,2024-07-09,2025-07-08,100000,8515
CTR00350,ACC0350,2024-02-22,2025-02-20,10000,903
CTR00351,ACC0351,2024-09-21,2025-09-20,10000,950
CTR00352,ACC0352,2024-05-25,2025-05-24,50000,3473
CTR00353,ACC0353,2024-03-23,2025-03-22,10000,757
CTR00354,ACC0354,2024-09-19,2025-09-18,25000,1789
CTR00355,ACC0355,2024-08-11,2025-08-10,10000,697
CTR00356,ACC0356,2024-08-18,2025-08-17,241050,23178
CTR00357,ACC0357,2024-01-14,2025-01-12,15000,1207
CTR00358,ACC0358,2024-07-21,2025-07-20,10000,834
CTR00359,ACC0359,2024-04-30,2025-04-29,35000,2783
CTR00360,ACC0360,2024-04-24,2025-04-23,23724,1603
CTR00361,ACC0361,2024-02-20,2025-02-18,100000,9463
CTR00362,ACC0362,2024-06-20,2025-06-19,15000,1395
CTR00363,ACC0363,2024-03-11,2025-03-10,10000,679
CTR00364,ACC0364,2024-08-29,2025-08-28,150000,13480
CTR00365,ACC0365,2024-08-28,2025-08-27,16387,1337
CTR00366,ACC0366,2024-01-03,2025-01-01,35000,3390
CTR00367,ACC0367,2024-01-10,2025-01-08,75000,5639
CTR00368,ACC0368,2024-03-17,2025-03-16,150000,12744
CTR00369,ACC0369,2024-09-27,2025-09-26,15000,1211
CTR00370,ACC0370,2024-05-27,2025-05-26,5000,372
CTR00371,ACC0371,2024-03-03,2025-03-02,10000,682
CTR00372,ACC0372,2024-08-02,2025-08-01,25000,2199
CTR00373,ACC0373,2024-08-22,2025-08-21,25000,1719
CTR00374,ACC0374,2024-09-12,2025-09-11,10000,865
CTR00375,ACC0375,2024-09-20,2025-09-19,37910,3254
CTR00376,ACC0376,2024-03-14,2025-03-13,50000,3818
CTR00377,ACC0377,2024-01-01,2024-12-30,200000,17432
CTR00378,ACC0378,2024-05-03,2025-05-02,75000,6426
CTR00379,ACC0379,2024-04-05,2025-04-04,25000,2220
CTR00380,ACC0380,2024-02-13,2025-02-11,10000,841
CTR00381,ACC0381,2024-07-03,2025-07-02,500000,34461
CTR00382,ACC0382,2024-09-26,2025-09-25,15000,1272
CTR00383,ACC0383,2024-09-16,2025-09-15,75000,6385
CTR00384,ACC0384,2024-07-18,2025-07-17,25000,2394
CTR00385,ACC0385,2024-01-23,2025-01-21,10000,878
CTR00386,ACC0386,2024-07-10,2025-07-09,50000,3756
CTR00387,ACC0387,2024-02-04,2025-02-02,758121,59254
CTR00388,ACC0388,2024-02-23,2025-02-21,150000,13857
CTR00389,ACC0389,2024-06-19,2025-06-18,75000,5333
CTR00390,ACC0390,2024-06-29,2025-06-28,25000,2121
CTR00391,ACC0391,2024-03-30,2025-03-29,50000,4717
CTR00392,ACC0392,2024-08-25,2025-08-24,5000,496
CTR00393,ACC0393,2024-09-02,2025-09-01,25000,2193
CTR00394,ACC0394,2024-02-02,2025-01-31,173362,15695
CTR00395,ACC0395,2024-08-22,2025-08-21,100000,6789
CTR00396,ACC0396,2024-04-13,2025-04-12,50000,3406
CTR00397,ACC0397,2024-01-22,2025-01-20,169946,13117
CTR00398,ACC0398,2024-06-07,2025-06-06,100000,8384
CTR00399,ACC0399,2024-10-05,2025-10-04,87119,7182
CTR00400,ACC0400,2024-01-19,2025-01-17,75000,6883
CTR00401,ACC0401,2024-04-07,2025-04-06,200000,15240
CTR00402,ACC0402,2024-01-25,2025-01-23,50000,4776
CTR00403,ACC0403,2024-06-18,2025-06-17,35000,2652
CTR00404,ACC0404,2024-07-07,2025-07-06,25000,2030
CTR00405,ACC0405,2024-07-23,2025-07-22,100000,9144
CTR00406,ACC0406,2024-07-16,2025-07-15,100000,7796
CTR00407,ACC0407,2024-04-05,2025-04-04,25000,2080
CTR00408,ACC0408,2024-09-11,2025-09-10,35000,2761
CTR00409,ACC0409,2024-09-22,2025-09-21,15000,1133
CTR00410,ACC0410,2024-02-12,2025-02-10,75000,6817
CTR00411,ACC0411,2024-02-10,2025-02-08,5000,405
CTR00412,ACC0412,2024-04-02,2025-04-01,5000,424
CTR00413,ACC0413,2024-06-13,2025-06-12,25000,1752
CTR00414,ACC0414,2024-06-16,2025-06-15,100000,8869
CTR00415,ACC0415,2024-08-06,2025-08-05,541948,39140
CTR00416,ACC0416,2024-08-15,2025-08-14,25000,1959
CTR00417,ACC0417,2024-01-22,2025-01-20,75000,6817
CTR00418,ACC0418,2024-08-10,2025-08-09,36174,2742
CTR00419,ACC0419,2024-01-30,2025-01-28,15000,1037
CTR00420,ACC0420,2024-07-26,2025-07-25,150000,11816
CTR00421,ACC0421,2024-03-22,2025-03-21,25000,2460
CTR00422,ACC0422,2024-03-14,2025-03-13,25000,2373
CTR00423,ACC0423,2024-08-12,2025-08-11,25000,1695
CTR00424,ACC0424,2024-02-04,2025-02-02,100000,7453
CTR00425,ACC0425,2024-07-04,2025-07-03,107258,8519
CTR00426,ACC0426,2024-10-17,2025-10-16,25000,1693
CTR00427,ACC0427,2024-03-19,2025-03-18,75000,6697
CTR00428,ACC0428,2024-07-08,2025-07-07,10000,790
CTR00429,ACC0429,2024-10-20,2025-10-19,11315,806
CTR00430,ACC0430,2024-07-06,2025-07-05,150000,11990
CTR00431,ACC0431,2024-05-22,2025-05-21,10000,749
CTR00432,ACC0432,2024-02-28,2025-02-26,25000,1688
CTR00433,ACC0433,2024-04-05,2025-04-04,50000,4165
CTR00434,ACC0434,2024-07-17,2025-07-16,5000,485
CTR00435,ACC0435,2024-03-01,2025-02-28,5000,376
CTR00436,ACC0436,2024-05-13,2025-05-12,100000,9013
CTR00437,ACC0437,2024-05-26,2025-05-25,60009,5388
CTR00438,ACC0438,2024-09-08,2025-09-07,10000,733
CTR00439,ACC0439,2024-03-10,2025-03-09,10000,950
CTR00440,ACC0440,2024-08-19,2025-08-18,50000,3621
CTR00441,ACC0441,2024-08-15,2025-08-14,25000,2497
CTR00442,ACC0442,2024-06-12,2025-06-11,15000,1333
CTR00443,ACC0443,2024-02-03,2025-02-01,25000,2124
CTR00444,ACC0444,2024-05-28,2025-05-27,300000,28913
CTR00445,ACC0445,2024-03-21,2025-03-20,10000,903
CTR00446,ACC0446,2024-03-30,2025-03-29,25000,2328
CTR00447,ACC0447,2024-09-17,2025-09-16,5000,370
CTR00448,ACC0448,2024-04-12,2025-04-11,200000,18613
CTR00449,ACC0449,2024-05-01,2025-04-30,25000,2325
CTR00450,ACC0450,2024-01-14,2025-01-12,35000,2754
CTR00451,ACC0451,2024-10-20,2025-10-19,5000,394
CTR00452,ACC0452,2024-10-09,2025-10-08,10000,709
CTR00453,ACC0453,2024-02-14,2025-02-12,10000,688
CTR00454,ACC0454,2024-07-22,2025-07-21,100000,9998
CTR00455,ACC0455,2024-09-02,2025-09-01,10000,841
CTR00456,ACC0456,2024-07-28,2025-07-27,100000,9411
CTR00457,ACC0457,2024-02-07,2025-02-05,75000,5313
CTR00458,ACC0458,2024-06-11,2025-06-10,100000,8807
CTR00459,ACC0459,2024-08-18,2025-08-17,25000,2054
CTR00460,ACC0460,2024-09-21,2025-09-20,100000,7815
CTR00461,ACC0461,2024-10-09,2025-10-08,5000,439
CTR00462,ACC0462,2024-04-03,2025-04-02,15000,1383
CTR00463,ACC0463,2024-03-07,2025-03-06,5000,405
CTR00464,ACC0464,2024-01-29,2025-01-27,723213,68256
CTR00465,ACC0465,2024-09-22,2025-09-21,5000,358
CTR00466,ACC0466,2024-03-25,2025-03-24,150000,10809
CTR00467,ACC0467,2024-04-25,2025-04-24,500000,39100
CTR00468,ACC0468,2024-09-22,2025-09-21,200000,19299
CTR00469,ACC0469,2024-02-10,2025-02-08,25000,1875
CTR00470,ACC0470,2024-10-09,2025-10-08,25000,1895
CTR00471,ACC0471,2024-06-04,2025-06-03,500000,43573
CTR00472,ACC0472,2024-02-17,2025-02-15,150000,12512
CTR00473,ACC0473,2024-03-27,2025-03-26,150000,12959
CTR00474,ACC0474,2024-10-24,2025-10-23,150000,10770
CTR00475,ACC0475,2024-06-21,2025-06-20,15000,1421
CTR00476,ACC0476,2024-10-15,2025-10-14,15000,1020
CTR00477,ACC0477,2024-01-15,2025-01-13,100000,6937
CTR00478,ACC0478,2024-10-22,2025-10-21,75000,5661
CTR00479,ACC0479,2024-04-17,2025-04-16,75000,6917
CTR00480,ACC0480,2024-08-01,2025-07-31,50000,4363
CTR00481,ACC0481,2024-01-16,2025-01-14,10000,832
CTR00482,ACC0482,2024-10-06,2025-10-05,5000,381
CTR00483,ACC0483,2024-06-03,2025-06-02,15000,1241
CTR00484,ACC0484,2024-07-26,2025-07-25,100000,7658
CTR00485,ACC0485,2024-02-07,2025-02-05,25000,2240
CTR00486,ACC0486,2024-03-21,2025-03-20,5000,406
CTR00487,ACC0487,2024-09-04,2025-09-03,75000,6161
CTR00488,ACC0488,2024-06-23,2025-06-22,25000,2172
CTR00489,ACC0489,2024-06-09,2025-06-08,15000,1430
CTR00490,ACC0490,2024-06-12,2025-06-11,50000,4556
CTR00491,ACC0491,2024-06-25,2025-06-24,35000,3471
CTR00492,ACC0492,2024-03-07,2025-03-06,200000,18404
CTR00493,ACC0493,2024-09-20,2025-09-19,10000,853
CTR00494,ACC0494,2024-08-26,2025-08-25,181911,12870
CTR00495,ACC0495,2024-08-18,2025-08-17,50000,3746
CTR00496,ACC0496,2024-02-19,2025-02-17,15000,1025
CTR00497,ACC0497,2024-07-15,2025-07-14,15000,1432
CTR00498,ACC0498,2024-08-02,2025-08-01,25000,1873
CTR00499,ACC0499,2024-03-22,2025-03-21,100000,9378
CTR00500,ACC0500,2024-10-22,2025-10-21,15000,1360
CTR00501,ACC0501,2024-04-07,2025-04-06,100000,9210
CTR00502,ACC0502,2024-09-12,2025-09-11,200000,19973
CTR00503,ACC0503,2024-08-27,2025-08-26,15000,1249
CTR00504,ACC0504,2024-06-06,2025-06-05,25000,2081
CTR00505,ACC0505,2024-02-16,2025-02-14,100000,9817
CTR00506,ACC0506,2024-09-15,2025-09-14,10000,819
CTR00507,ACC0507,2024-10-25,2025-10-24,26110,2047
CTR00508,ACC0508,2024-01-26,2025-01-24,25000,1901
CTR00509,ACC0509,2024-08-28,2025-08-27,31462,2397
CTR00510,ACC0510,2024-01-05,2025-01-03,5000,474
CTR00511,ACC0511,2024-08-08,2025-08-07,35000,2489
CTR00512,ACC0512,2024-05-15,2025-05-14,5000,454
CTR00513,ACC0513,2024-07-25,2025-07-24,50000,3943
CTR00514,ACC0514,2024-07-24,2025-07-23,50000,3418
CTR00515,ACC0515,2024-10-14,2025-10-13,150000,10973
CTR00516,ACC0516,2024-02-07,2025-02-05,10266,816
CTR00517,ACC0517,2024-10-08,2025-10-07,585106,44462
CTR00518,ACC0518,2024-03-01,2025-02-28,15000,1064
CTR00519,ACC0519,2024-02-19,2025-02-17,5000,398
CTR00520,ACC0520,2024-06-22,2025-06-21,10000,852
CTR00521,ACC0521,2024-07-06,2025-07-05,75000,6887
CTR00522,ACC0522,2024-04-11,2025-04-10,75000,6506
CTR00523,ACC0523,2024-07-24,2025-07-23,300000,25000
CTR00524,ACC0524,2024-01-24,2025-01-22,100000,6796
CTR00525,ACC0525,2024-06-19,2025-06-18,200000,18693
CTR00526,ACC0526,2024-09-22,2025-09-21,150000,12284
CTR00527,ACC0527,2024-09-20,2025-09-19,25000,1783
CTR00528,ACC0528,2024-06-12,2025-06-11,12156,876
CTR00529,ACC0529,2024-06-02,2025-06-01,24906,2153
CTR00530,ACC0530,2024-09-16,2025-09-15,200000,18855
CTR00531,ACC0531,2024-09-29,2025-09-28,500000,41497
CTR00532,ACC0532,2024-10-15,2025-10-14,100000,7665
CTR00533,ACC0533,2024-01-09,2025-01-07,10000,789
CTR00534,ACC0534,2024-02-26,2025-02-24,15000,1489
CTR00535,ACC0535,2024-10-25,2025-10-24,50000,3846
CTR00536,ACC0536,2024-01-14,2025-01-12,10000,865
CTR00537,ACC0537,2024-05-15,2025-05-14,100000,9890
CTR00538,ACC0538,2024-10-23,2025-10-22,200000,17184
CTR00539,ACC0539,2024-10-25,2025-10-24,111070,9183
CTR00540,ACC0540,2024-09-25,2025-09-24,5000,438
CTR00541,ACC0541,2024-07-13,2025-07-12,150000,10738
CTR00542,ACC0542,2024-05-04,2025-05-03,300000,20315
CTR00543,ACC0543,2024-02-26,2025-02-24,10000,730
CTR00544,ACC0544,2024-08-13,2025-08-12,15000,1156
CTR00545,ACC0545,2024-03-18,2025-03-17,100000,8043
CTR00546,ACC0546,2024-04-14,2025-04-13,15000,1205
CTR00547,ACC0547,2024-08-29,2025-08-28,150000,14364
CTR00548,ACC0548,2024-02-01,2025-01-30,100000,9019
CTR00549,ACC0549,2024-09-22,2025-09-21,15000,1103
CTR00550,ACC0550,2024-06-15,2025-06-14,100000,9993
CTR00551,ACC0551,2024-09-01,2025-08-31,150000,12627
CTR00552,ACC0552,2024-06-09,2025-06-08,150000,14783
CTR00553,ACC0553,2024-08-23,2025-08-22,35000,3397
CTR00554,ACC0554,2024-06-24,2025-06-23,5000,424
CTR00555,ACC0555,2024-05-15,2025-05-14,200000,17400
CTR00556,ACC0556,2024-04-08,2025-04-07,25000,2464
CTR00557,ACC0557,2024-05-22,2025-05-21,10000,852
CTR00558,ACC0558,2024-04-25,2025-04-24,100000,9804
CTR00559,ACC0559,2024-06-01,2025-05-31,100000,9237
CTR00560,ACC0560,2024-04-16,2025-04-15,10000,896
CTR00561,ACC0561,2024-09-02,2025-09-01,19890,1557
CTR00562,ACC0562,2024-05-20,2025-05-19,50000,3812
CTR00563,ACC0563,2024-10-20,2025-10-19,100000,8922
CTR00564,ACC0564,2024-07-13,2025-07-12,200000,19305
CTR00565,ACC0565,2024-07-21,2025-07-20,10000,939
CTR00566,ACC0566,2024-03-15,2025-03-14,25000,1908
CTR00567,ACC0567,2024-05-27,2025-05-26,15000,1477
CTR00568,ACC0568,2024-02-10,2025-02-08,35000,2737
CTR00569,ACC0569,2024-08-14,2025-08-13,15000,1327
CTR00570,ACC0570,2024-09-02,2025-09-01,5000,368
CTR00571,ACC0571,2024-10-02,2025-10-01,25000,1892
CTR00572,ACC0572,2024-10-14,2025-10-13,5000,449
CTR00573,ACC0573,2024-03-11,2025-03-10,15000,1054
CTR00574,ACC0574,2024-10-27,2025-10-26,35000,2612
CTR00575,ACC0575,2024-01-26,2025-01-24,10000,889
CTR00576,ACC0576,2024-09-28,2025-09-27,100000,7418
CTR00577,ACC0577,2024-04-29,2025-04-28,25000,1710
CTR00578,ACC0578,2024-07-30,2025-07-29,200000,15535
CTR00579,ACC0579,2024-08-29,2025-08-28,150000,10502
CTR00580,ACC0580,2024-03-11,2025-03-10,100000,6683
CTR00581,ACC0581,2024-10-08,2025-10-07,150000,14889
CTR00582,ACC0582,2024-08-31,2025-08-30,16579,1369
CTR00583,ACC0583,2024-04-12,2025-04-11,25000,2296
CTR00584,ACC0584,2024-05-27,2025-05-26,300000,23211
CTR00585,ACC0585,2024-01-31,2025-01-29,150000,14539
CTR00586,ACC0586,2024-10-20,2025-10-19,55631,4139
CTR00587,ACC0587,2024-01-20,2025-01-18,111934,10869
CTR00588,ACC0588,2024-03-30,2025-03-29,150000,12089
CTR00589,ACC0589,2024-03-31,2025-03-30,25000,2444
CTR00590,ACC0590,2024-07-22,2025-07-21,76816,7138
CTR00591,ACC0591,2024-04-05,2025-04-04,35000,3426
CTR00592,ACC0592,2024-05-28,2025-05-27,100000,9589
CTR00593,ACC0593,2024-01-05,2025-01-03,25000,1915
CTR00594,ACC0594,2024-02-24,2025-02-22,25000,2440
CTR00595,ACC0595,2024-08-20,2025-08-19,275256,27425
CTR00596,ACC0596,2024-10-05,2025-10-04,50000,4207
CTR00597,ACC0597,2024-03-09,2025-03-08,15000,1425
CTR00598,ACC0598,2024-08-27,2025-08-26,15000,1136
CTR00599,ACC0599,2024-02-27,2025-02-25,300000,23306
CTR00600,ACC0600,2024-08-22,2025-08-21,100000,8827
CTR00601,ACC0601,2024-04-05,2025-04-04,10000,671
CTR00602,ACC0602,2024-06-21,2025-06-20,150000,13953
CTR00603,ACC0603,2024-10-17,2025-10-16,15000,1337
CTR00604,ACC0604,2024-04-08,2025-04-07,150000,10877
CTR00605,ACC0605,2024-07-26,2025-07-25,15000,1413
CTR00606,ACC0606,2024-09-20,2025-09-19,35000,2715
CTR00607,ACC0607,2024-02-18,2025-02-16,28512,2076
CTR00608,ACC0608,2024-06-14,2025-06-13,24609,2408
CTR00609,ACC0609,2024-01-04,2025-01-02,75000,5651
CTR00610,ACC0610,2024-04-30,2025-04-29,5000,407
CTR00611,ACC0611,2024-05-16,2025-05-15,10000,984
CTR00612,ACC0612,2024-06-03,2025-06-02,10000,860
CTR00613,ACC0613,2024-10-20,2025-10-19,15000,1005
CTR00614,ACC0614,2024-07-03,2025-07-02,25000,2243
CTR00615,ACC0615,2024-02-01,2025-01-30,15000,1333
CTR00616,ACC0616,2024-08-26,2025-08-25,200000,15378
CTR00617,ACC0617,2024-07-26,2025-07-25,500000,44767
CTR00618,ACC0618,2024-06-08,2025-06-07,200000,17935
CTR00619,ACC0619,2024-05-31,2025-05-30,150000,11837
CTR00620,ACC0620,2024-04-23,2025-04-22,150000,11095
CTR00621,ACC0621,2024-03-09,2025-03-08,100000,8260
CTR00622,ACC0622,2024-08-20,2025-08-19,5000,457
CTR00623,ACC0623,2024-07-10,2025-07-09,10000,805
CTR00624,ACC0624,2024-10-08,2025-10-07,35000,3398
CTR00625,ACC0625,2024-10-02,2025-10-01,25000,2334
CTR00626,ACC0626,2024-04-21,2025-04-20,10000,920
CTR00627,ACC0627,2024-02-11,2025-02-09,15000,1262
CTR00628,ACC0628,2024-09-27,2025-09-26,200000,18025
CTR00629,ACC0629,2024-02-09,2025-02-07,50000,4862
CTR00630,ACC0630,2024-02-27,2025-02-25,100000,6872
CTR00631,ACC0631,2024-10-07,2025-10-06,35000,3386
CTR00632,ACC0632,2024-04-13,2025-04-12,15000,1286
CTR00633,ACC0633,2024-03-17,2025-03-16,5000,360
CTR00634,ACC0634,2024-09-23,2025-09-22,150000,12209
CTR00635,ACC0635,2024-04-15,2025-04-14,35000,3169
CTR00636,ACC0636,2024-09-07,2025-09-06,15000,1045
CTR00637,ACC0637,2024-09-18,2025-09-17,75000,6113
CTR00638,ACC0638,2024-01-29,2025-01-27,100000,8178
CTR00639,ACC0639,2024-08-21,2025-08-20,30198,2580
CTR00640,ACC0640,2024-10-13,2025-10-12,150000,12311
CTR00641,ACC0641,2024-06-06,2025-06-05,25000,2269
CTR00642,ACC0642,2024-07-21,2025-07-20,50000,3757
CTR00643,ACC0643,2024-01-02,2024-12-31,200000,18305
CTR00644,ACC0644,2024-10-23,2025-10-22,50000,3455
CTR00645,ACC0645,2024-08-04,2025-08-03,10000,781
CTR00646,ACC0646,2024-02-02,2025-01-31,5000,423
CTR00647,ACC0647,2024-01-31,2025-01-29,100000,9781
CTR00648,ACC0648,2024-02-05,2025-02-03,150000,14930
CTR00649,ACC0649,2024-08-29,2025-08-28,15000,1015
CTR00650,ACC0650,2024-07-28,2025-07-27,10000,726
CTR00651,ACC0651,2024-03-10,2025-03-09,15000,1382
CTR00652,ACC0652,2024-08-03,2025-08-02,5000,395
CTR00653,ACC0653,2024-07-14,2025-07-13,25000,2040
CTR00654,ACC0654,2024-07-12,2025-07-11,300000,23756
CTR00655,ACC0655,2024-10-03,2025-10-02,10000,710
CTR00656,ACC0656,2024-06-27,2025-06-26,15000,1059
CTR00657,ACC0657,2024-10-02,2025-10-01,100000,7976
CTR00658,ACC0658,2024-03-06,2025-03-05,5000,454
CTR00659,ACC0659,2024-04-24,2025-04-23,100000,9449
CTR00660,ACC0660,2024-01-12,2025-01-10,25000,2482
CTR00661,ACC0661,2024-10-05,2025-10-04,29445,2379
CTR00662,ACC0662,2024-07-13,2025-07-12,5000,470
CTR00663,ACC0663,2024-05-06,2025-05-05,25000,2050
CTR00664,ACC0664,2024-03-20,2025-03-19,15000,1137
CTR00665,ACC0665,2024-02-27,2025-02-25,25000,1693
CTR00666,ACC0666,2024-08-02,2025-08-01,150000,13074
CTR00667,ACC0667,2024-01-09,2025-01-07,365435,27293
CTR00668,ACC0668,2024-02-04,2025-02-02,75000,5252
CTR00669,ACC0669,2024-01-25,2025-01-23,15335,1147
CTR00670,ACC0670,2024-01-23,2025-01-21,500000,40037
CTR00671,ACC0671,2024-04-29,2025-04-28,10000,846
CTR00672,ACC0672,2024-01-29,2025-01-27,50000,3566
CTR00673,ACC0673,2024-05-28,2025-05-27,15000,1117
CTR00674,ACC0674,2024-10-21,2025-10-20,5000,386
CTR00675,ACC0675,2024-06-13,2025-06-12,50000,3728
CTR00676,ACC0676,2024-03-14,2025-03-13,75000,7464
CTR00677,ACC0677,2024-09-23,2025-09-22,35000,2591
CTR00678,ACC0678,2024-06-02,2025-06-01,100000,7583
CTR00679,ACC0679,2024-10-12,2025-10-11,10000,982
CTR00680,ACC0680,2024-03-30,2025-03-29,10000,875
CTR00681,ACC0681,2024-09-10,2025-09-09,9636,657
CTR00682,ACC0682,2024-06-25,2025-06-24,15000,1470
CTR00683,ACC0683,2024-07-14,2025-07-13,5000,464
CTR00684,ACC0684,2024-06-12,2025-06-11,25000,2246
CTR00685,ACC0685,2024-07-28,2025-07-27,10000,716
CTR00686,ACC0686,2024-07-11,2025-07-10,10000,727
CTR00687,ACC0687,2024-10-02,2025-10-01,100000,8245
CTR00688,ACC0688,2024-04-25,2025-04-24,15000,1150
CTR00689,ACC0689,2024-03-14,2025-03-13,500000,46762
CTR00690,ACC0690,2024-01-30,2025-01-28,15000,1281
CTR00691,ACC0691,2024-08-01,2025-07-31,50000,4262
CTR00692,ACC0692,2024-03-09,2025-03-08,150000,11942
CTR00693,ACC0693,2024-05-10,2025-05-09,75000,5508
CTR00694,ACC0694,2024-02-10,2025-02-08,50000,4870
CTR00695,ACC0695,2024-02-17,2025-02-15,117356,9919
CTR00696,ACC0696,2024-04-07,2025-04-06,200000,13676
CTR00697,ACC0697,2024-07-12,2025-07-11,500000,44561
CTR00698,ACC0698,2024-01-21,2025-01-19,15000,1436
CTR00699,ACC0699,2024-04-06,2025-04-05,15000,1402
CTR00700,ACC0700,2024-10-27,2025-10-26,10000,908
CTR00701,ACC0701,2024-10-13,2025-10-12,10000,739
CTR00702,ACC0702,2024-04-16,2025-04-15,25000,2391
CTR00703,ACC0703,2024-01-08,2025-01-06,183296,13513
CTR00704,ACC0704,2024-04-07,2025-04-06,25000,2468
CTR00705,ACC0705,2024-03-01,2025-02-28,25000,2289
CTR00706,ACC0706,2024-09-02,2025-09-01,10000,971
CTR00707,ACC0707,2024-04-14,2025-04-13,150000,11983
CTR00708,ACC0708,2024-05-02,2025-05-01,150000,12760
CTR00709,ACC0709,2024-05-24,2025-05-23,10000,793
CTR00710,ACC0710,2024-09-30,2025-09-29,25000,2207
CTR00711,ACC0711,2024-06-06,2025-06-05,15000,1130
CTR00712,ACC0712,2024-09-19,2025-09-18,10000,960
CTR00713,ACC0713,2024-08-26,2025-08-25,15000,1049
CTR00714,ACC0714,2024-08-28,2025-08-27,1240659,114207
CTR00715,ACC0715,2024-06-12,2025-06-11,10000,971
CTR00716,ACC0716,2024-07-08,2025-07-07,200000,15419
CTR00717,ACC0717,2024-01-24,2025-01-22,75000,6406
CTR00718,ACC0718,2024-04-23,2025-04-22,25000,2284
CTR00719,ACC0719,2024-01-09,2025-01-07,25000,1883
CTR00720,ACC0720,2024-10-26,2025-10-25,10000,859
CTR00721,ACC0721,2024-08-01,2025-07-31,10000,765
CTR00722,ACC0722,2024-04-10,2025-04-09,25000,1941
CTR00723,ACC0723,2024-07-13,2025-07-12,15000,1284
CTR00724,ACC0724,2024-05-05,2025-05-04,150000,12496
CTR00725,ACC0725,2024-06-21,2025-06-20,75000,5643
CTR00726,ACC0726,2024-09-07,2025-09-06,35000,3460
CTR00727,ACC0727,2024-09-08,2025-09-07,150000,12304
CTR00728,ACC0728,2024-06-29,2025-06-28,78147,5650
CTR00729,ACC0729,2024-10-06,2025-10-05,75000,6220
CTR00730,ACC0730,2024-10-04,2025-10-03,15000,1495
CTR00731,ACC0731,2024-01-31,2025-01-29,150000,12619
CTR00732,ACC0732,2024-02-08,2025-02-06,23390,2296
CTR00733,ACC0733,2024-01-25,2025-01-23,15000,1382
CTR00734,ACC0734,2024-07-30,2025-07-29,50000,3562
CTR00735,ACC0735,2024-04-28,2025-04-27,150000,10339
CTR00736,ACC0736,2024-03-18,2025-03-17,15000,1004
CTR00737,ACC0737,2024-09-15,2025-09-14,50000,4093
CTR00738,ACC0738,2024-01-31,2025-01-29,150000,13089
CTR00739,ACC0739,2024-09-04,2025-09-03,15000,1329
CTR00740,ACC0740,2024-01-09,2025-01-07,5000,334
CTR00741,ACC0741,2024-10-09,2025-10-08,300000,24113
CTR00742,ACC0742,2024-01-09,2025-01-07,300000,25294
CTR00743,ACC0743,2024-05-20,2025-05-19,150000,12678
CTR00744,ACC0744,2024-05-26,2025-05-25,50000,3361
CTR00745,ACC0745,2024-08-08,2025-08-07,200000,18707
CTR00746,ACC0746,2024-04-01,2025-03-31,15000,1053
CTR00747,ACC0747,2024-02-19,2025-02-17,100000,8414
CTR00748,ACC0748,2024-05-03,2025-05-02,100000,7306
CTR00749,ACC0749,2024-09-26,2025-09-25,150000,11262
CTR00750,ACC0750,2024-06-30,2025-06-29,15000,1133
CTR00751,ACC0751,2024-07-22,2025-07-21,100000,6930
CTR00752,ACC0752,2024-07-26,2025-07-25,150000,12294
CTR00753,ACC0753,2024-05-04,2025-05-03,35000,3488
CTR00754,ACC0754,2024-04-25,2025-04-24,10000,766
CTR00755,ACC0755,2024-02-11,2025-02-09,25000,2211
CTR00756,ACC0756,2024-01-17,2025-01-15,35000,2442
CTR00757,ACC0757,2024-07-13,2025-07-12,100000,7923
CTR00758,ACC0758,2024-08-31,2025-08-30,100000,6853
CTR00759,ACC0759,2024-01-05,2025-01-03,15000,1351
CTR00760,ACC0760,2024-02-12,2025-02-10,15000,1249
CTR00761,ACC0761,2024-08-10,2025-08-09,200000,17632
CTR00762,ACC0762,2024-06-18,2025-06-17,100000,8552
CTR00763,ACC0763,2024-02-18,2025-02-16,500000,48246
CTR00764,ACC0764,2024-04-27,2025-04-26,12095,891
CTR00765,ACC0765,2024-10-17,2025-10-16,50000,4125
CTR00766,ACC0766,2024-02-08,2025-02-06,23198,2075
CTR00767,ACC0767,2024-05-23,2025-05-22,10000,966
CTR00768,ACC0768,2024-10-15,2025-10-14,75000,6645
CTR00769,ACC0769,2024-04-01,2025-03-31,10000,976
CTR00770,ACC0770,2024-06-10,2025-06-09,10000,671
CTR00771,ACC0771,2024-04-16,2025-04-15,5000,431
CTR00772,ACC0772,2024-07-22,2025-07-21,50000,4881
CTR00773,ACC0773,2024-06-02,2025-06-01,75000,5406
CTR00774,ACC0774,2024-05-03,2025-05-02,25000,2138
CTR00775,ACC0775,2024-07-18,2025-07-17,25000,2230
CTR00776,ACC0776,2024-10-03,2025-10-02,35000,2720
CTR00777,ACC0777,2024-03-12,2025-03-11,5000,465
CTR00778,ACC0778,2024-02-10,2025-02-08,35000,2917
CTR00779,ACC0779,2024-06-26,2025-06-25,150000,10268
CTR00780,ACC0780,2024-08-11,2025-08-10,15000,1116
CTR00781,ACC0781,2024-02-08,2025-02-06,150000,11702
CTR00782,ACC0782,2024-07-22,2025-07-21,25000,2474
CTR00783,ACC0783,2024-06-16,2025-06-15,100000,6765
CTR00784,ACC0784,2024-05-19,2025-05-18,150000,13917
CTR00785,ACC0785,2024-08-18,2025-08-17,15000,1245
CTR00786,ACC0786,2024-07-01,2025-06-30,200000,17020
CTR00787,ACC0787,2024-07-11,2025-07-10,50000,4053
CTR00788,ACC0788,2024-10-26,2025-10-25,75000,6651
CTR00789,ACC0789,2024-05-31,2025-05-30,79284,7394
CTR00790,ACC0790,2024-02-07,2025-02-05,5000,347
CTR00791,ACC0791,2024-03-19,2025-03-18,5000,396
CTR00792,ACC0792,2024-03-19,2025-03-18,5000,456
CTR00793,ACC0793,2024-02-24,2025-02-22,18166,1266
CTR00794,ACC0794,2024-06-06,2025-06-05,15000,1222
CTR00795,ACC0795,2024-05-18,2025-05-17,5000,350
CTR00796,ACC0796,2024-02-14,2025-02-12,5000,364
CTR00797,ACC0797,2024-08-17,2025-08-16,300000,25569
CTR00798,ACC0798,2024-09-19,2025-09-18,25000,2006
CTR00799,ACC0799,2024-01-14,2025-01-12,25000,1741
CTR00800,ACC0800,2024-06-15,2025-06-14,71897,6863
CTR00801,ACC0801,2024-01-07,2025-01-05,25000,1909
CTR00802,ACC0802,2024-07-17,2025-07-16,5000,463
CTR00803,ACC0803,2024-10-13,2025-10-12,10000,968
CTR00804,ACC0804,2024-05-04,2025-05-03,150000,12859
CTR00805,ACC0805,2024-03-27,2025-03-26,100000,8951
CTR00806,ACC0806,2024-03-27,2025-03-26,150000,10694
CTR00807,ACC0807,2024-06-03,2025-06-02,5000,378
CTR00808,ACC0808,2024-03-26,2025-03-25,16459,1335
CTR00809,ACC0809,2024-08-03,2025-08-02,15000,1149
CTR00810,ACC0810,2024-02-09,2025-02-07,150000,11805
CTR00811,ACC0811,2024-05-06,2025-05-05,150000,13604
CTR00812,ACC0812,2024-09-10,2025-09-09,25000,2161
CTR00813,ACC0813,2024-04-10,2025-04-09,50000,4096
CTR00814,ACC0814,2024-03-10,2025-03-09,5000,384
CTR00815,ACC0815,2024-07-21,2025-07-20,35000,2720
CTR00816,ACC0816,2024-07-13,2025-07-12,25000,2336
CTR00817,ACC0817,2024-06-17,2025-06-16,75000,6100
CTR00818,ACC0818,2024-08-08,2025-08-07,25000,2346
CTR00819,ACC0819,2024-03-10,2025-03-09,10000,766
CTR00820,ACC0820,2024-04-12,2025-04-11,210321,17379
CTR00821,ACC0821,2024-03-31,2025-03-30,75000,7411
CTR00822,ACC0822,2024-06-12,2025-06-11,25000,1909
CTR00823,ACC0823,2024-09-08,2025-09-07,150000,14838
CTR00824,ACC0824,2024-06-15,2025-06-14,22819,1807
CTR00825,ACC0825,2024-07-20,2025-07-19,35000,2759
CTR00826,ACC0826,2024-10-15,2025-10-14,15000,1099
CTR00827,ACC0827,2024-10-06,2025-10-05,10000,726
CTR00828,ACC0828,2024-10-08,2025-10-07,10000,675
CTR00829,ACC0829,2024-08-24,2025-08-23,10000,980
CTR00830,ACC0830,2024-04-17,2025-04-16,5000,406
CTR00831,ACC0831,2024-05-29,2025-05-28,150000,14156
CTR00832,ACC0832,2024-02-05,2025-02-03,25000,2349
CTR00833,ACC0833,2024-07-28,2025-07-27,15000,1336
CTR00834,ACC0834,2024-03-12,2025-03-11,10000,877
CTR00835,ACC0835,2024-05-03,2025-05-02,5000,375
CTR00836,ACC0836,2024-03-19,2025-03-18,10000,905
CTR00837,ACC0837,2024-02-07,2025-02-05,34336,2803
CTR00838,ACC0838,2024-09-02,2025-09-01,200000,17214
CTR00839,ACC0839,2024-09-30,2025-09-29,75000,6266
CTR00840,ACC0840,2024-08-02,2025-08-01,150000,12718
CTR00841,ACC0841,2024-07-03,2025-07-02,200000,18010
CTR00842,ACC0842,2024-10-01,2025-09-30,100000,8646
CTR00843,ACC0843,2024-02-25,2025-02-23,482880,44569
CTR00844,ACC0844,2024-06-30,2025-06-29,15000,1083
CTR00845,ACC0845,2024-01-23,2025-01-21,150000,12816
CTR00846,ACC0846,2024-07-23,2025-07-22,15000,1483
CTR00847,ACC0847,2024-06-18,2025-06-17,15000,1482
CTR00848,ACC0848,2024-08-08,2025-08-07,75000,5264
CTR00849,ACC0849,2024-04-23,2025-04-22,159860,13378
CTR00850,ACC0850,2024-09-22,2025-09-21,10000,852
CTR00851,ACC0851,2024-10-21,2025-10-20,150000,11105
CTR00852,ACC0852,2024-07-10,2025-07-09,75000,5977
CTR00853,ACC0853,2024-09-13,2025-09-12,35000,2509
CTR00854,ACC0854,2024-01-13,2025-01-11,25000,2068
CTR00855,ACC0855,2024-05-31,2025-05-30,100000,8053
CTR00856,ACC0856,2024-02-13,2025-02-11,10000,705
CTR00857,ACC0857,2024-03-13,2025-03-12,35000,2739
CTR00858,ACC0858,2024-06-24,2025-06-23,25000,2046
CTR00859,ACC0859,2024-04-15,2025-04-14,150000,12605
CTR00860,ACC0860,2024-06-27,2025-06-26,10000,825
CTR00861,ACC0861,2024-08-12,2025-08-11,100000,9073
CTR00862,ACC0862,2024-08-19,2025-08-18,75000,5797
CTR00863,ACC0863,2024-06-02,2025-06-01,10000,681
CTR00864,ACC0864,2024-02-28,2025-02-26,25000,1685
CTR00865,ACC0865,2024-02-25,2025-02-23,46076,4111
CTR00866,ACC0866,2024-03-25,2025-03-24,15000,1464
CTR00867,ACC0867,2024-05-04,2025-05-03,35000,2935
CTR00868,ACC0868,2024-10-09,2025-10-08,15000,1080
CTR00869,ACC0869,2024-10-13,2025-10-12,100000,8087
CTR00870,ACC0870,2024-08-24,2025-08-23,100000,7439
CTR00871,ACC0871,2024-07-26,2025-07-25,35000,3068
CTR00872,ACC0872,2024-04-05,2025-04-04,5000,440
CTR00873,ACC0873,2024-08-09,2025-08-08,300000,23955
CTR00874,ACC0874,2024-04-11,2025-04-10,200000,16330
CTR00875,ACC0875,2024-08-07,2025-08-06,75000,5972
CTR00876,ACC0876,2024-04-19,2025-04-18,150000,11028
CTR00877,ACC0877,2024-02-02,2025-01-31,35000,3006
CTR00878,ACC0878,2024-10-01,2025-09-30,344925,25144
CTR00879,ACC0879,2024-06-15,2025-06-14,35000,2563
CTR00880,ACC0880,2024-09-07,2025-09-06,484186,40796
CTR00881,ACC0881,2024-06-09,2025-06-08,15000,1298
CTR00882,ACC0882,2024-07-19,2025-07-18,100000,8623
CTR00883,ACC0883,2024-06-27,2025-06-26,35000,2743
CTR00884,ACC0884,2024-08-22,2025-08-21,25000,2181
CTR00885,ACC0885,2024-06-01,2025-05-31,5000,486
CTR00886,ACC0886,2024-02-13,2025-02-11,50000,4453
CTR00887,ACC0887,2024-06-09,2025-06-08,150000,10589
CTR00888,ACC0888,2024-06-05,2025-06-04,300000,21169
CTR00889,ACC0889,2024-07-10,2025-07-09,25000,2244
CTR00890,ACC0890,2024-09-18,2025-09-17,150000,11942
CTR00891,ACC0891,2024-03-11,2025-03-10,75000,6437
CTR00892,ACC0892,2024-09-06,2025-09-05,192303,16893
CTR00893,ACC0893,2024-03-29,2025-03-28,200000,17032
CTR00894,ACC0894,2024-09-07,2025-09-06,10000,762
CTR00895,ACC0895,2024-04-05,2025-04-04,10000,771
CTR00896,ACC0896,2024-08-18,2025-08-17,5000,436
CTR00897,ACC0897,2024-01-05,2025-01-03,59138,4897
CTR00898,ACC0898,2024-04-09,2025-04-08,35000,3284
CTR00899,ACC0899,2024-10-14,2025-10-13,10000,835
CTR00900,ACC0900,2024-09-10,2025-09-09,15000,1204
CTR00901,ACC0901,2024-09-08,2025-09-07,150000,12078
CTR00902,ACC0902,2024-08-15,2025-08-14,50000,4147
CTR00903,ACC0903,2024-01-16,2025-01-14,118700,11062
CTR00904,ACC0904,2024-04-22,2025-04-21,15000,1146
CTR00905,ACC0905,2024-05-20,2025-05-19,10000,741
CTR00906,ACC0906,2024-05-27,2025-05-26,200000,14454
CTR00907,ACC0907,2024-08-22,2025-08-21,100000,8552
CTR00908,ACC0908,2024-09-10,2025-09-09,5000,424
CTR00909,ACC0909,2024-02-27,2025-02-25,15000,1286
CTR00910,ACC0910,2024-10-05,2025-10-04,353577,33274
CTR00911,ACC0911,2024-07-06,2025-07-05,5000,423
CTR00912,ACC0912,2024-08-13,2025-08-12,78987,6704
CTR00913,ACC0913,2024-08-05,2025-08-04,75000,5256
CTR00914,ACC0914,2024-05-06,2025-05-05,15000,1148
CTR00915,ACC0915,2024-01-17,2025-01-15,15000,1224
CTR00916,ACC0916,2024-06-27,2025-06-26,25000,2385
CTR00917,ACC0917,2024-02-14,2025-02-12,10000,813
CTR00918,ACC0918,2024-03-01,2025-02-28,35000,3238
CTR00919,ACC0919,2024-05-01,2025-04-30,25000,1841
CTR00920,ACC0920,2024-06-28,2025-06-27,150000,14305
CTR00921,ACC0921,2024-08-07,2025-08-06,52756,3808
CTR00922,ACC0922,2024-03-12,2025-03-11,200000,18565
CTR00923,ACC0923,2024-04-15,2025-04-14,5000,467
CTR00924,ACC0924,2024-10-18,2025-10-17,10000,783
CTR00925,ACC0925,2024-05-23,2025-05-22,35000,3029
CTR00926,ACC0926,2024-03-27,2025-03-26,75000,5809
CTR00927,ACC0927,2024-05-29,2025-05-28,25000,1907
CTR00928,ACC0928,2024-05-16,2025-05-15,500000,49206
CTR00929,ACC0929,2024-02-18,2025-02-16,100720,7169
CTR00930,ACC0930,2024-07-29,2025-07-28,150000,14593
CTR00931,ACC0931,2024-05-21,2025-05-20,100000,9556
CTR00932,ACC0932,2024-03-05,2025-03-04,150000,13507
CTR00933,ACC0933,2024-03-08,2025-03-07,50000,3749
CTR00934,ACC0934,2024-06-13,2025-06-12,5000,471
CTR00935,ACC0935,2024-07-20,2025-07-19,339221,28149
CTR00936,ACC0936,2024-10-22,2025-10-21,25000,2193
CTR00937,ACC0937,2024-07-31,2025-07-30,25000,1979
CTR00938,ACC0938,2024-02-08,2025-02-06,15000,1316
CTR00939,ACC0939,2024-02-17,2025-02-15,50000,4004
CTR00940,ACC0940,2024-07-07,2025-07-06,56245,4602
CTR00941,ACC0941,2024-09-06,2025-09-05,75000,5818
CTR00942,ACC0942,2024-01-02,2024-12-31,35000,3347
CTR00943,ACC0943,2024-02-17,2025-02-15,469433,42732
CTR00944,ACC0944,2024-08-22,2025-08-21,25000,2195
CTR00945,ACC0945,2024-02-02,2025-01-31,659186,61429
CTR00946,ACC0946,2024-07-22,2025-07-21,50000,3696
CTR00947,ACC0947,2024-08-07,2025-08-06,25000,2354
CTR00948,ACC0948,2024-09-10,2025-09-09,10000,756
CTR00949,ACC0949,2024-05-25,2025-05-24,35000,2727
CTR00950,ACC0950,2024-10-16,2025-10-15,20779,1975
CTR00951,ACC0951,2024-06-24,2025-06-23,25000,2411
CTR00952,ACC0952,2024-01-25,2025-01-23,35000,2386
CTR00953,ACC0953,2024-08-23,2025-08-22,50000,3360
CTR00954,ACC0954,2024-03-21,2025-03-20,10000,813
CTR00955,ACC0955,2024-01-01,2024-12-30,200000,19945
CTR00956,ACC0956,2024-08-07,2025-08-06,100000,7341
CTR00957,ACC0957,2024-03-08,2025-03-07,10000,960
CTR00958,ACC0958,2024-06-03,2025-06-02,10000,719
CTR00959,ACC0959,2024-05-20,2025-05-19,5000,348
CTR00960,ACC0960,2024-02-12,2025-02-10,372087,29417
CTR00961,ACC0961,2024-03-25,2025-03-24,15000,1025
CTR00962,ACC0962,2024-06-05,2025-06-04,5000,454
CTR00963,ACC0963,2024-04-29,2025-04-28,10000,809
CTR00964,ACC0964,2024-02-16,2025-02-14,10000,901
CTR00965,ACC0965,2024-01-01,2024-12-30,10000,737
CTR00966,ACC0966,2024-04-25,2025-04-24,157793,13251
CTR00967,ACC0967,2024-08-15,2025-08-14,10000,669
CTR00968,ACC0968,2024-06-24,2025-06-23,10000,939
CTR00969,ACC0969,2024-08-04,2025-08-03,150000,13470
CTR00970,ACC0970,2024-09-01,2025-08-31,75000,5177
CTR00971,ACC0971,2024-07-15,2025-07-14,15000,1044
CTR00972,ACC0972,2024-02-22,2025-02-20,15000,1051
CTR00973,ACC0973,2024-07-07,2025-07-06,15000,1440
CTR00974,ACC0974,2024-03-11,2025-03-10,150000,11913
CTR00975,ACC0975,2024-03-09,2025-03-08,150000,13207
CTR00976,ACC0976,2024-03-14,2025-03-13,200000,13789
CTR00977,ACC0977,2024-10-15,2025-10-14,150000,10042
CTR00978,ACC0978,2024-03-25,2025-03-24,15000,1220
CTR00979,ACC0979,2024-04-19,2025-04-18,25000,2190
CTR00980,ACC0980,2024-03-18,2025-03-17,150000,14599
CTR00981,ACC0981,2024-08-14,2025-08-13,10000,953
CTR00982,ACC0982,2024-02-14,2025-02-12,10000,965
CTR00983,ACC0983,2024-03-12,2025-03-11,75000,6881
CTR00984,ACC0984,2024-07-15,2025-07-14,200000,15676
CTR00985,ACC0985,2024-08-07,2025-08-06,150000,11572
CTR00986,ACC0986,2024-03-12,2025-03-11,35000,2622
CTR00987,ACC0987,2024-02-13,2025-02-11,15000,1124
CTR00988,ACC0988,2024-05-25,2025-05-24,15000,1389
CTR00989,ACC0989,2024-01-14,2025-01-12,5000,474
CTR00990,ACC0990,2024-06-03,2025-06-02,150000,11027
CTR00991,ACC0991,2024-09-17,2025-09-16,15000,1094
CTR00992,ACC0992,2024-07-19,2025-07-18,500000,38259
CTR00993,ACC0993,2024-01-28,2025-01-26,10000,927
CTR00994,ACC0994,2024-05-02,2025-05-01,150000,12474
CTR00995,ACC0995,2024-02-27,2025-02-25,25000,1867
CTR00996,ACC0996,2024-02-06,2025-02-04,15000,1264
CTR00997,ACC0997,2024-01-07,2025-01-05,15000,1493
CTR00998,ACC0998,2024-06-11,2025-06-10,25000,1776
CTR00999,ACC0999,2024-10-18,2025-10-17,75000,6052
CTR01000,ACC1000,2024-10-06,2025-10-05,25000,2235
CTR01001,ACC0016,2024-05-27,2025-05-26,186671,18198
CTR01002,ACC0704,2024-08-19,2025-08-18,54501,4739
CTR01003,ACC0705,2024-08-07,2025-08-06,62477,5535
CTR01004,ACC0238,2024-12-13,2025-12-12,167916,15156
CTR01005,ACC0760,2024-09-08,2025-09-07,22755,1893
CTR01006,ACC0610,2024-11-02,2025-11-01,11379,1070
CTR01007,ACC0859,2024-09-15,2025-09-14,262566,18615
CTR01008,ACC0095,2024-09-04,2025-09-03,14050,1279
CTR01009,ACC0754,2024-09-07,2025-09-06,26571,1797
CTR01010,ACC0049,2024-10-10,2025-10-09,160799,13527
CTR01011,ACC0847,2024-11-18,2025-11-17,38527,3309
CTR01012,ACC0466,2024-08-01,2025-07-31,336633,28173
CTR01013,ACC0931,2024-09-25,2025-09-24,224941,19246
CTR01014,ACC0774,2024-10-17,2025-10-16,43399,4011
CTR01015,ACC0388,2024-10-14,2025-10-13,354130,32140
CTR01016,ACC0368,2024-10-17,2025-10-16,339485,23130
CTR01017,ACC0646,2024-06-02,2025-06-01,9334,769
CTR01018,ACC0252,2024-11-22,2025-11-21,28803,2092
CTR01019,ACC0978,2024-07-27,2025-07-26,34939,3393
CTR01020,ACC0081,2024-12-15,2025-12-14,24835,1841
CTR01021,ACC0496,2024-07-19,2025-07-18,31865,2889
CTR01022,ACC0074,2024-08-19,2025-08-18,95864,8217
CTR01023,ACC0566,2024-07-28,2025-07-27,56326,5448
CTR01024,ACC0174,2024-09-07,2025-09-06,45869,3846
CTR01025,ACC0782,2024-11-24,2025-11-23,73277,5053
CTR01026,ACC0099,2024-09-28,2025-09-27,27990,2587
CTR01027,ACC0927,2024-11-06,2025-11-05,40739,3336
CTR01028,ACC0920,2024-12-12,2025-12-11,270151,23087
CTR01029,ACC0089,2024-11-01,2025-10-31,13046,975
CTR01030,ACC0844,2024-12-14,2025-12-13,35813,2976
CTR01031,ACC0179,2024-11-24,2025-11-23,26638,2426
CTR01032,ACC0277,2024-07-28,2025-07-27,43146,4217
CTR01033,ACC0957,2024-07-09,2025-07-08,18494,1446
CTR01034,ACC0769,2024-10-26,2025-10-25,28157,2769
CTR01035,ACC0647,2024-05-30,2025-05-29,263839,20898
CTR01036,ACC0021,2024-10-23,2025-10-22,124194,10472
CTR01037,ACC0100,2024-07-09,2025-07-08,31945,3153
CTR01038,ACC0325,2024-08-18,2025-08-17,25674,1791
CTR01039,ACC0334,2024-04-28,2025-04-27,146251,12187
CTR01040,ACC0131,2024-07-30,2025-07-29,193722,16143
CTR01041,ACC0321,2024-07-09,2025-07-08,130182,10848
CTR01042,ACC0381,2024-02-13,2025-02-11,162245,13520
CTR01043,ACC0339,2024-02-18,2025-02-16,142494,11874
CTR01044,ACC0027,2024-03-09,2025-03-08,177042,14753
CTR01045,ACC0188,2024-07-20,2025-07-19,29616,2468
CTR01046,ACC0106,2024-10-30,2025-10-29,158850,13237
CTR01047,ACC0721,2024-02-01,2025-01-30,124028,10335
CTR01048,ACC0064,2024-03-07,2025-03-06,72068,6005
CTR01049,ACC0160,2024-05-29,2025-05-28,78417,6534
CTR01050,ACC0260,2024-06-10,2025-06-09,113010,9417
CTR01051,ACC0942,2024-06-16,2025-06-15,93376,7781
CTR01052,ACC0835,2024-08-19,2025-08-18,81291,6774
CTR01053,ACC0352,2024-04-29,2025-04-28,29578,2464
CTR01054,ACC0638,2024-04-13,2025-04-12,45680,3806
CTR01055,ACC0084,2024-10-26,2025-10-25,38566,3213
CTR01056,ACC0715,2024-03-20,2025-03-19,37697,3141
CTR01057,ACC0356,2024-03-25,2025-03-24,127851,10654
CTR01058,ACC0332,2024-08-26,2025-08-25,92321,7693
CTR01059,ACC0478,2024-07-27,2025-07-26,41650,3470
CTR01060,ACC0925,2024-10-01,2025-09-30,103922,8660
CTR01061,ACC0338,2024-04-16,2025-04-15,128467,10705
CTR01062,ACC0527,2024-06-06,2025-06-05,131463,10955
CTR01063,ACC0057,2024-05-15,2025-05-14,41434,3452
CTR01064,ACC0136,2024-02-16,2025-02-14,51317,4276
CTR01065,ACC0163,2024-06-04,2025-06-03,194734,16227
CTR01066,ACC0678,2024-11-04,2025-11-03,20572,1714
CTR01067,ACC0897,2024-04-20,2025-04-19,95929,7994
CTR01068,ACC0817,2024-03-16,2025-03-15,33910,2825
CTR01069,ACC0126,2024-05-07,2025-05-06,103255,8604
CTR01070,ACC0302,2024-07-21,2025-07-20,144600,12050
CTR01071,ACC0648,2024-01-26,2025-01-24,187519,15626
CTR01072,ACC0574,2024-06-02,2025-06-01,78201,6516
CTR01073,ACC0830,2024-03-30,2025-03-29,18147,1512
CTR01074,ACC0349,2024-07-26,2025-07-25,128541,10711
CTR01075,ACC0193,2024-10-11,2025-10-10,154210,12850
CTR01076,ACC0528,2024-05-07,2025-05-06,34831,2902
CTR01077,ACC0354,2024-08-24,2025-08-23,36714,3059
CTR01078,ACC0551,2024-03-12,2025-03-11,41838,3486
CTR01079,ACC0161,2024-01-07,2025-01-05,26166,2180
CTR01080,ACC0310,2024-04-23,2025-04-22,44266,3688
CTR01081,ACC0009,2024-04-11,2025-04-10,115010,9584
CTR01082,ACC0030,2024-07-09,2025-07-08,189905,15825
CTR01083,ACC0575,2024-11-18,2025-11-17,179000,14916
CTR01084,ACC0751,2024-02-13,2025-02-11,162652,13554
CTR01085,ACC0474,2024-10-27,2025-10-26,77848,6487
CTR01086,ACC0541,2024-02-08,2025-02-06,15714,1309
CTR01087,ACC0492,2024-02-03,2025-02-01,61839,5153
CTR01088,ACC0571,2024-11-26,2025-11-25,126242,10520
CTR01089,ACC0717,2024-03-06,2025-03-05,34111,2842
CTR01090,ACC0247,2024-06-18,2025-06-17,42119,3509
CTR01091,ACC0475,2024-01-22,2025-01-20,130847,10903
CTR01092,ACC0954,2024-01-26,2025-01-24,54037,4503
CTR01093,ACC0409,2024-10-20,2025-10-19,123549,10295
CTR01094,ACC0949,2024-07-21,2025-07-20,140056,11671
CTR01095,ACC0500,2024-01-16,2025-01-14,110330,9194
CTR01096,ACC0154,2024-08-06,2025-08-05,55300,4608
CTR01097,ACC0689,2024-06-30,2025-06-29,66286,5523
CTR01098,ACC0407,2024-04-05,2025-04-04,82084,6840
CTR01099,ACC0441,2024-05-23,2025-05-22,126919,10576
CTR01100,ACC0312,2024-03-17,2025-03-16,19083,1590
CTR01101,ACC0514,2024-11-10,2025-11-09,172313,14359
CTR01102,ACC0574,2024-11-11,2025-11-10,74431,6202
CTR01103,ACC0923,2024-05-31,2025-05-30,140781,11731
CTR01104,ACC0933,2024-07-29,2025-07-28,154359,12863
CTR01105,ACC0790,2024-09-02,2025-09-01,25985,2165
CTR01106,ACC0138,2024-02-14,2025-02-12,83341,6945
CTR01107,ACC0163,2024-07-15,2025-07-14,45975,3831
CTR01108,ACC0649,2024-08-02,2025-08-01,62286,5190
CTR01109,ACC0340,2024-11-25,2025-11-24,147839,12319
CTR01110,ACC0829,2024-05-07,2025-05-06,175348,14612
CTR01111,ACC0189,2024-10-05,2025-10-04,15119,1259
CTR01112,ACC0724,2024-07-14,2025-07-13,197005,16417
CTR01113,ACC0955,2024-07-02,2025-07-01,135746,11312
CTR01114,ACC0913,2024-10-05,2025-10-04,137055,11421
CTR01115,ACC0453,2024-06-25,2025-06-24,158282,13190
CTR01116,ACC0325,2024-09-14,2025-09-13,94306,7858
CTR01117,ACC0442,2024-07-17,2025-07-16,80893,6741
CTR01118,ACC0717,2024-04-02,2025-04-01,16832,1402
CTR01119,ACC0808,2024-06-12,2025-06-11,166530,13877
CTR01120,ACC0561,2024-04-22,2025-04-21,17681,1473
CTR01121,ACC0771,2024-05-23,2025-05-22,25359,2113
CTR01122,ACC0201,2024-08-29,2025-08-28,148787,12398
CTR01123,ACC0543,2024-07-02,2025-07-01,163089,13590
CTR01124,ACC0916,2024-04-29,2025-04-28,51844,4320
CTR01125,ACC0870,2024-02-21,2025-02-19,74974,6247
CTR01126,ACC0115,2024-05-03,2025-05-02,79868,6655
CTR01127,ACC0622,2024-09-30,2025-09-29,24656,2054
CTR01128,ACC0087,2024-04-22,2025-04-21,160914,13409
CTR01129,ACC0689,2024-07-17,2025-07-16,103009,8584
CTR01130,ACC0336,2024-03-29,2025-03-28,56163,4680
CTR01131,ACC0741,2024-05-01,2025-04-30,165325,13777
CTR01132,ACC0529,2024-06-11,2025-06-10,192878,16073
CTR01133,ACC0831,2024-07-02,2025-07-01,165074,13756
CTR01134,ACC0682,2024-01-15,2025-01-13,194405,16200
CTR01135,ACC0322,2024-06-29,2025-06-28,158806,13233
CTR01136,ACC0491,2024-10-15,2025-10-14,47251,3937
CTR01137,ACC0921,2024-10-15,2025-10-14,59344,4945
CTR01138,ACC0690,2024-09-09,2025-09-08,152114,12676
CTR01139,ACC0299,2024-06-07,2025-06-06,56021,4668
CTR01140,ACC0259,2024-09-08,2025-09-07,19951,1662
CTR01141,ACC0599,2024-02-16,2025-02-14,24724,2060
CTR01142,ACC0750,2024-04-29,2025-04-28,167722,13976
CTR01143,ACC0067,2024-04-22,2025-04-21,15224,1268
CTR01144,ACC0130,2024-09-26,2025-09-25,135301,11275
CTR01145,ACC0009,2024-01-01,2024-12-30,96962,8080
CTR01146,ACC0652,2024-11-10,2025-11-09,62812,5234
CTR01147,ACC0033,2024-03-07,2025-03-06,99327,8277
CTR01148,ACC0664,2024-03-31,2025-03-30,94826,7902
CTR01149,ACC0860,2024-01-31,2025-01-29,15744,1312
CTR01150,ACC0616,2024-03-16,2025-03-15,163776,13648
CTR01151,ACC0814,2024-03-13,2025-03-12,39077,3256
CTR01152,ACC0038,2024-09-26,2025-09-25,105653,8804
CTR01153,ACC0918,2024-02-07,2025-02-05,107934,8994
CTR01154,ACC0314,2024-07-21,2025-07-20,163620,13635
CTR01155,ACC0768,2024-02-21,2025-02-19,98227,8185
CTR01156,ACC0089,2024-06-03,2025-06-02,94568,7880
CTR01157,ACC0949,2024-03-10,2025-03-09,51288,4274
CTR01158,ACC0355,2024-08-11,2025-08-10,177579,14798
CTR01159,ACC0695,2024-09-06,2025-09-05,180178,15014
CTR01160,ACC0425,2024-06-11,2025-06-10,55666,4638
CTR01161,ACC0321,2024-10-14,2025-10-13,191812,15984
CTR01162,ACC0977,2024-11-10,2025-11-09,103539,8628
CTR01163,ACC0399,2024-04-24,2025-04-23,184465,15372
CTR01164,ACC0940,2024-10-28,2025-10-27,55967,4663
CTR01165,ACC0146,2024-07-12,2025-07-11,90431,7535
CTR01166,ACC0784,2024-05-30,2025-05-29,43383,3615
CTR01167,ACC0014,2024-03-31,2025-03-30,10471,872
CTR01168,ACC0182,2024-10-20,2025-10-19,112655,9387
CTR01169,ACC0819,2024-10-17,2025-10-16,18488,1540
CTR01170,ACC0244,2024-04-03,2025-04-02,167912,13992
CTR01171,ACC0766,2024-06-11,2025-06-10,170269,14189
CTR01172,ACC0768,2024-04-23,2025-04-22,177679,14806
CTR01173,ACC0689,2024-10-16,2025-10-15,37291,3107
CTR01174,ACC0617,2024-09-11,2025-09-10,46868,3905
CTR01175,ACC0471,2024-06-18,2025-06-17,30396,2533
CTR01176,ACC0842,2024-05-01,2025-04-30,100914,8409
CTR01177,ACC0664,2024-06-12,2025-06-11,54010,4500
CTR01178,ACC0066,2024-11-21,2025-11-20,33258,2771
CTR01179,ACC0443,2024-11-23,2025-11-22,98014,8167
CTR01180,ACC0680,2024-08-16,2025-08-15,12987,1082
CTR01181,ACC0001,2024-05-15,2025-05-14,64967,5413
CTR01182,ACC0931,2024-05-07,2025-05-06,191711,15975
CTR01183,ACC0697,2024-02-04,2025-02-02,101876,8489
CTR01184,ACC0792,2024-05-11,2025-05-10,38320,3193
CTR01185,ACC0497,2024-01-01,2024-12-30,22621,1885
CTR01186,ACC0353,2024-07-16,2025-07-15,124876,10406
CTR01187,ACC0252,2024-08-02,2025-08-01,53604,4467
CTR01188,ACC0759,2024-07-30,2025-07-29,139258,11604
CTR01189,ACC0617,2024-07-12,2025-07-11,102073,8506
CTR01190,ACC0824,2024-10-06,2025-10-05,108395,9032
CTR01191,ACC0208,2024-02-21,2025-02-19,135695,11307
CTR01192,ACC0381,2024-10-22,2025-10-21,180647,15053
CTR01193,ACC0294,2024-04-25,2025-04-24,52639,4386
CTR01194,ACC0083,2024-08-19,2025-08-18,29322,2443
CTR01195,ACC0870,2024-01-18,2025-01-16,87308,7275
CTR01196,ACC0122,2024-01-11,2025-01-09,93549,7795
CTR01197,ACC0882,2024-05-13,2025-05-12,37453,3121
CTR01198,ACC0888,2024-02-07,2025-02-05,99602,8300
CTR01199,ACC0151,2024-03-28,2025-03-27,108424,9035
CTR01200,ACC0832,2024-03-23,2025-03-22,29661,2471
